"Foundation","Frontend","Backend","Domain & Data","MCP","Safety & Review","Integration"
"FND-01 — Ghostfolio technical map
Low · 20m · Anyone
Command+Agent · /workshop-inspect-architecture","FE-01 — Widget Portfolio Insights
Medium · 40m · Frontend
Command+Agent+Skill · /workshop-plan-frontend-card FE-01","BE-01 — Insights mock endpoint
Medium · 40m · Backend
Command+Agent+Skill · /workshop-plan-backend-card BE-01","DATA-01 — Concentration rules
Medium · 35m · Data/Domain
Command+Agent+Skill+MCP · /workshop-analyze-demo-portfolio","MCP-01 — Local read-only MCP
Medium · 40m · MCP/Platform
MCP+Agent+Skill+Config · agent mcp-builder-agent","SAFE-01 — Assistant limits guide
Low · 25m · Safety
Agent+Skill · skill financial-safety-review","INT-01 — Demo happy path
Medium · 40m · Integration
Command+Skill · /workshop-implement-small-product-slice INT-01"
"FND-02 — Portfolio Insights contract
Medium · 30m · Data/Domain
Skill+Agent+MCP · skill ghostfolio-domain-analysis","FE-02 — Demo Portfolio Health section
Medium · 35m · Frontend
Command+Agent+Skill · /workshop-plan-frontend-card FE-02","BE-02 — Concentration service
High · 45m · Backend
Agent+Skill · skill prisma-readonly-data-access","DATA-02 — Anomaly rules
Medium · 35m · Data/Domain
MCP+Skill+Safety · tool detect_demo_anomalies","MCP-02 — Tool get_demo_portfolio_summary
Medium · 35m · MCP/Platform
MCP tool · /workshop-plan-mcp-card MCP-02","SAFE-02 — Buy/sell review
Low · 20m · Safety
Command+Agent+Skill · /workshop-review-financial-safety","INT-02 — Team handoff
Low · 20m · Integration
Command+Agent · /workshop-prepare-team-handoff"
"","FE-03 — Explain demo portfolio button
Medium · 35m · Frontend
Command+Agent+Safety · /workshop-plan-frontend-card FE-03","","","MCP-03 — Tool detect_demo_anomalies
High · 45m · MCP/Platform
MCP tool+Safety · agent mcp-builder-agent","",""
